Workbook

Sheet Read Me
A1: SCHOOL STAFF PERFORMANCE FRAMEWORK — SAMPLE / DEMO DATA
A3: Purpose: demonstrate a role-specific, weighted performance scoring model that feeds an annual increment
A4: recommendation, replacing a flat/subjective 10% increment for all staff.
A6: IMPORTANT — this is SYNTHETIC sample data, not real school records. It exists to prove the model works
A7: end-to-end (raw logs -> KPIs -> weighted score -> increment tier) before real data is entered.
A9: HOW TO USE WITH REAL DATA:
A10: 1. Replace rows in Employees, Attendance, Complaints, Task_Completion, Academic_Results with real records.
A11: Keep the column headers and EmployeeID scheme identical so formulas keep working.
A12: 2. Review/adjust the weights on the Weights tab (yellow cells) — these are a starting assumption, not fixed policy.
A13: 3. Performance_Summary recalculates automatically from the raw sheets — nothing there is hardcoded.
A14: 4. Import Employees, Attendance, Complaints, Task_Completion, Academic_Results, and Performance_Summary
A15: into Power BI as separate tables; build DAX measures on top for the interactive dashboard.
... A25: Support = Domestic Staff, Security, Maintenance (plumber/electrician/gardener/painter/cleaner).

Sheet Employees
A1: EmployeeID | B1: Name | C1: Department | D1: Bucket | E1: BaseSalary (PKR/mo) | F1: Profile (demo only)
A2: E01 | B2: Ayesha Raza | C2: HR | D2: Office | E2: 65000 | F2: High
A3: E02 | B3: Bilal Ahmed | C3: Accounts | D3: Office | E3: 60000 | F3: Medium
A4: E03 | B4: Sana Tariq | C4: Accounts | D4: Office | E4: 58000 | F4: Low
A5: E04 | B5: Usman Farooq | C5: Admin | D5: Office | E5: 55000 | F5: Medium
A6: E05 | B6: Mahnoor Iqbal | C6: Admin | D6: Office | E6: 54000 | F6: Improving
A7: E06 | B7: Hamza Sheikh | C7: IT | D7: Office | E7: 70000 | F7: High
A8: E07 | B8: Zara Khan | C8: IT | D8: Office | E8: 68000 | F8: Medium
A9: E08 | B9: Ali Raza | C9: Media | D9: Office | E9: 52000 | F9: Medium
A10: E09 | B10: Fatima Noor | C10: Teaching (Regular) | D10: Teaching | E10: 62000 | F10: High
A11: E10 | B11: Imran Chaudhry | C11: Teaching (Regular) | D11: Teaching | E11: 60000 | F11: Medium
A12: E11 | B12: Rabia Yousaf | C12: Teaching (Regular) | D12: Teaching | E12: 61000 | F12: Declining
A13: E12 | B13: Owais Malik | C13: Teaching (Regular) | D13: Teaching | E13: 59000 | F13: Medium
... A23: E22 | B23: Ghulam Fareed | C23: Maintenance | D23: Support | E23: 27000 | F23: High

Sheet Weights
A1: Bucket | B1: Weight_Attendance | C1: Weight_Punctuality | D1: Weight_ComplaintFree | E1: Weight_Output
A2: Teaching | B2: 0.2 | C2: 0.15 | D2: 0.15 | E2: 0.5
A3: Office | B3: 0.25 | C3: 0.2 | D3: 0.2 | E3: 0.35
A4: Support | B4: 0.3 | C4: 0.25 | D4: 0.25 | E4: 0.2
A6: Edit the yellow cells to change how much each KPI counts per bucket. Each row should sum to 100%.

Sheet Attendance
A1: EmployeeID | B1: Month | C1: WorkingDays | D1: DaysPresent | E1: DaysLate
A2: E01 | B2: 1 | C2: 24 | D2: 23 | E2: 0
A3: E01 | B3: 2 | C3: 24 | D3: 23 | E3: 1
A4: E01 | B4: 3 | C4: 24 | D4: 23 | E4: 0
A5: E01 | B5: 4 | C5: 24 | D5: 23 | E5: 0
A6: E01 | B6: 5 | C6: 24 | D6: 23 | E6: 0
A7: E01 | B7: 6 | C7: 24 | D7: 23 | E7: 1
A8: E01 | B8: 7 | C8: 24 | D8: 23 | E8: 0
A9: E01 | B9: 8 | C9: 24 | D9: 24 | E9: 0
A10: E01 | B10: 9 | C10: 24 | D10: 23 | E10: 1
A11: E01 | B11: 10 | C11: 24 | D11: 23 | E11: 0
A12: E01 | B12: 11 | C12: 24 | D12: 23 | E12: 0
A13: E01 | B13: 12 | C13: 24 | D13: 23 | E13: 1
... A265: E22 | B265: 12 | C265: 24 | D265: 23 | E265: 0

Sheet Complaints
A1: EmployeeID | B1: Month | C1: ComplaintCount | D1: AvgSeverity (1=Low,3=High)
A2: E01 | B2: 1 | C2: 1 | D2: 2.3
A3: E01 | B3: 2 | C3: 0 | D3: 0
A4: E01 | B4: 3 | C4: 0 | D4: 0
A5: E01 | B5: 4 | C5: 0 | D5: 0
A6: E01 | B6: 5 | C6: 1 | D6: 1.6
A7: E01 | B7: 6 | C7: 0 | D7: 0
A8: E01 | B8: 7 | C8: 0 | D8: 0
A9: E01 | B9: 8 | C9: 0 | D9: 0
A10: E01 | B10: 9 | C10: 0 | D10: 0
A11: E01 | B11: 10 | C11: 0 | D11: 0
A12: E01 | B12: 11 | C12: 0 | D12: 0
A13: E01 | B13: 12 | C13: 0 | D13: 0
... A265: E22 | B265: 12 | C265: 1 | D265: 2.5

Sheet Task_Completion
A1: EmployeeID | B1: Month | C1: TasksAssigned | D1: TasksCompletedOnTime
A2: E01 | B2: 1 | C2: 9 | D2: 9
A3: E01 | B3: 2 | C3: 13 | D3: 11
A4: E01 | B4: 3 | C4: 10 | D4: 10
A5: E01 | B5: 4 | C5: 10 | D5: 10
A6: E01 | B6: 5 | C6: 15 | D6: 15
A7: E01 | B7: 6 | C7: 10 | D7: 9
A8: E01 | B8: 7 | C8: 10 | D8: 10
A9: E01 | B9: 8 | C9: 15 | D9: 15
A10: E01 | B10: 9 | C10: 8 | D10: 7
A11: E01 | B11: 10 | C11: 11 | D11: 10
A12: E01 | B12: 11 | C12: 8 | D12: 7
A13: E01 | B13: 12 | C13: 14 | D13: 14
... A193: E22 | B193: 12 | C193: 12 | D193: 11

Sheet Academic_Results
A1: EmployeeID | B1: Term | C1: ClassAvgScore (0-100) | D1: StudentFeedbackScore (1-5)
A2: E09 | B2: Mid-Year | C2: 86.1 | D2: 4.7
A3: E09 | B3: Final | C3: 89.1 | D3: 4.4
A4: E10 | B4: Mid-Year | C4: 71.6 | D4: 3.4
A5: E10 | B5: Final | C5: 74.4 | D5: 3
A6: E11 | B6: Mid-Year | C6: 86.6 | D6: 4.2
A7: E11 | B7: Final | C7: 35 | D7: 1.6
A8: E12 | B8: Mid-Year | C8: 88 | D8: 3.9
A9: E12 | B9: Final | C9: 72.3 | D9: 3.8
A10: E13 | B10: Mid-Year | C10: 95.1 | D10: 4.5
A11: E13 | B11: Final | C11: 93.5 | D11: 4.4
A12: E14 | B12: Mid-Year | C12: 68.5 | D12: 3.4
A13: E14 | B13: Final | C13: 73.1 | D13: 4.2

Sheet Performance_Summary
A1: EmployeeID | B1: Name | C1: Department | D1: Bucket | E1: Attendance % | F1: Punctuality % | G1: Total Complaints (Year) | H1: Complaint-Free Score | I1: Output Score | J1: W_Attendance | K1: W_Punctuality | L1: W_ComplaintFree | M1: W_Output | N1: Composite Score (0-100) | O1: Increment Tier | P1: Suggested Increment %
A2: =Employees!A2 -> E01 | B2: =Employees!B2 -> Ayesha Raza | C2: =Employees!C2 -> HR | D2: =Employees!D2 -> Office | E2: =IFERROR(SUMIFS(Attendance!$D:$D,Attendance!$A:$A,$A2)/SUMIFS(Attendance!$C:$C,Attendance!$A:$A,$A2),0) -> 0.96180556 | F2: =IFERROR(1-SUMIFS(Attendance!$E:$E,Attendance!$A:$A,$A2)/SUMIFS(Attendance!$D:$D,Attendance!$A:$A,$A2),0) -> 0.98555957 | G2: =SUMIFS(Complaints!$C:$C,Complaints!$A:$A,$A2) -> 2 | H2: =1-MIN($G2/10,1) -> 0.8 | I2: =IF($D2="Teaching",IFERROR(AVERAGEIFS(Academic_Results!$C:$C,Academic_Results!$A:$A,$A2)/100,0),IFERROR(SUMIFS(Task_Completion!$D:$D,Task_Completion!$A:$A,$A2)/SUMIFS(Task_Completion!$C:$C,Task_Completion!$A:$A,$A2),0)) -> 0.95488722 | J2: =INDEX(Weights!$B:$B,MATCH($D2,Weights!$A:$A,0)) -> 0.25 | K2: =INDEX(Weights!$C:$C,MATCH($D2,Weights!$A:$A,0)) -> 0.2 | L2: =INDEX(Weights!$D:$D,MATCH($D2,Weights!$A:$A,0)) -> 0.2 | M2: =INDEX(Weights!$E:$E,MATCH($D2,Weights!$A:$A,0)) -> 0.35 | N2: =($E2*$J2+$F2*$K2+$H2*$L2+$I2*$M2)*100 -> 93.177383 | O2: =IF($N2>=85,"High",IF($N2>=70,"Medium","Low")) -> High | P2: =10+IF($O2="High",5,IF($O2="Medium",0,-3)) -> 15
A3: =Employees!A3 -> E02 | B3: =Employees!B3 -> Bilal Ahmed | C3: =Employees!C3 -> Accounts | D3: =Employees!D3 -> Office | E3: =IFERROR(SUMIFS(Attendance!$D:$D,Attendance!$A:$A,$A3)/SUMIFS(Attendance!$C:$C,Attendance!$A:$A,$A3),0) -> 0.90277778 | F3: =IFERROR(1-SUMIFS(Attendance!$E:$E,Attendance!$A:$A,$A3)/SUMIFS(Attendance!$D:$D,Attendance!$A:$A,$A3),0) -> 0.93846154 | G3: =SUMIFS(Complaints!$C:$C,Complaints!$A:$A,$A3) -> 5 | H3: =1-MIN($G3/10,1) -> 0.5 | I3: =IF($D3="Teaching",IFERROR(AVERAGEIFS(Academic_Results!$C:$C,Academic_Results!$A:$A,$A3)/100,0),IFERROR(SUMIFS(Task_Completion!$D:$D,Task_Completion!$A:$A,$A3)/SUMIFS(Task_Completion!$C:$C,Task_Completion!$A:$A,$A3),0)) -> 0.81756757 | J3: =INDEX(Weights!$B:$B,MATCH($D3,Weights!$A:$A,0)) -> 0.25 | K3: =INDEX(Weights!$C:$C,MATCH($D3,Weights!$A:$A,0)) -> 0.2 | L3: =INDEX(Weights!$D:$D,MATCH($D3,Weights!$A:$A,0)) -> 0.2 | M3: =INDEX(Weights!$E:$E,MATCH($D3,Weights!$A:$A,0)) -> 0.35 | N3: =($E3*$J3+$F3*$K3+$H3*$L3+$I3*$M3)*100 -> 79.95354 | O3: =IF($N3>=85,"High",IF($N3>=70,"Medium","Low")) -> Medium | P3: =10+IF($O3="High",5,IF($O3="Medium",0,-3)) -> 10
A4: =Employees!A4 -> E03 | B4: =Employees!B4 -> Sana Tariq | C4: =Employees!C4 -> Accounts | D4: =Employees!D4 -> Office | E4: =IFERROR(SUMIFS(Attendance!$D:$D,Attendance!$A:$A,$A4)/SUMIFS(Attendance!$C:$C,Attendance!$A:$A,$A4),0) -> 0.80902778 | F4: =IFERROR(1-SUMIFS(Attendance!$E:$E,Attendance!$A:$A,$A4)/SUMIFS(Attendance!$D:$D,Attendance!$A:$A,$A4),0) -> 0.79828326 | G4: =SUMIFS(Complaints!$C:$C,Complaints!$A:$A,$A4) -> 19 | H4: =1-MIN($G4/10,1) -> 0 | I4: =IF($D4="Teaching",IFERROR(AVERAGEIFS(Academic_Results!$C:$C,Academic_Results!$A:$A,$A4)/100,0),IFERROR(SUMIFS(Task_Completion!$D:$D,Task_Completion!$A:$A,$A4)/SUMIFS(Task_Completion!$C:$C,Task_Completion!$A:$A,$A4),0)) -> 0.58695652 | J4: =INDEX(Weights!$B:$B,MATCH($D4,Weights!$A:$A,0)) -> 0.25 | K4: =INDEX(Weights!$C:$C,MATCH($D4,Weights!$A:$A,0)) -> 0.2 | L4: =INDEX(Weights!$D:$D,MATCH($D4,Weights!$A:$A,0)) -> 0.2 | M4: =INDEX(Weights!$E:$E,MATCH($D4,Weights!$A:$A,0)) -> 0.35 | N4: =($E4*$J4+$F4*$K4+$H4*$L4+$I4*$M4)*100 -> 56.734838 | O4: =IF($N4>=85,"High",IF($N4>=70,"Medium","Low")) -> Low | P4: =10+IF($O4="High",5,IF($O4="Medium",0,-3)) -> 7
A5: =Employees!A5 -> E04 | B5: =Employees!B5 -> Usman Farooq | C5: =Employees!C5 -> Admin | D5: =Employees!D5 -> Office | E5: =IFERROR(SUMIFS(Attendance!$D:$D,Attendance!$A:$A,$A5)/SUMIFS(Attendance!$C:$C,Attendance!$A:$A,$A5),0) -> 0.91666667 | F5: =IFERROR(1-SUMIFS(Attendance!$E:$E,Attendance!$A:$A,$A5)/SUMIFS(Attendance!$D:$D,Attendance!$A:$A,$A5),0) -> 0.93560606 | G5: =SUMIFS(Complaints!$C:$C,Complaints!$A:$A,$A5) -> 6 | H5: =1-MIN($G5/10,1) -> 0.4 | I5: =IF($D5="Teaching",IFERROR(AVERAGEIFS(Academic_Results!$C:$C,Academic_Results!$A:$A,$A5)/100,0),IFERROR(SUMIFS(Task_Completion!$D:$D,Task_Completion!$A:$A,$A5)/SUMIFS(Task_Completion!$C:$C,Task_Completion!$A:$A,$A5),0)) -> 0.79259259 | J5: =INDEX(Weights!$B:$B,MATCH($D5,Weights!$A:$A,0)) -> 0.25 | K5: =INDEX(Weights!$C:$C,MATCH($D5,Weights!$A:$A,0)) -> 0.2 | L5: =INDEX(Weights!$D:$D,MATCH($D5,Weights!$A:$A,0)) -> 0.2 | M5: =INDEX(Weights!$E:$E,MATCH($D5,Weights!$A:$A,0)) -> 0.35 | N5: =($E5*$J5+$F5*$K5+$H5*$L5+$I5*$M5)*100 -> 77.369529 | O5: =IF($N5>=85,"High",IF($N5>=70,"Medium","Low")) -> Medium | P5: =10+IF($O5="High",5,IF($O5="Medium",0,-3)) -> 10
A6: =Employees!A6 -> E05 | B6: =Employees!B6 -> Mahnoor Iqbal | C6: =Employees!C6 -> Admin | D6: =Employees!D6 -> Office | E6: =IFERROR(SUMIFS(Attendance!$D:$D,Attendance!$A:$A,$A6)/SUMIFS(Attendance!$C:$C,Attendance!$A:$A,$A6),0) -> 0.84722222 | F6: =IFERROR(1-SUMIFS(Attendance!$E:$E,Attendance!$A:$A,$A6)/SUMIFS(Attendance!$D:$D,Attendance!$A:$A,$A6),0) -> 0.87295082 | G6: =SUMIFS(Complaints!$C:$C,Complaints!$A:$A,$A6) -> 6 | H6: =1-MIN($G6/10,1) -> 0.4 | I6: =IF($D6="Teaching",IFERROR(AVERAGEIFS(Academic_Results!$C:$C,Academic_Results!$A:$A,$A6)/100,0),IFERROR(SUMIFS(Task_Completion!$D:$D,Task_Completion!$A:$A,$A6)/SUMIFS(Task_Completion!$C:$C,Task_Completion!$A:$A,$A6),0)) -> 0.82857143 | J6: =INDEX(Weights!$B:$B,MATCH($D6,Weights!$A:$A,0)) -> 0.25 | K6: =INDEX(Weights!$C:$C,MATCH($D6,Weights!$A:$A,0)) -> 0.2 | L6: =INDEX(Weights!$D:$D,MATCH($D6,Weights!$A:$A,0)) -> 0.2 | M6: =INDEX(Weights!$E:$E,MATCH($D6,Weights!$A:$A,0)) -> 0.35 | N6: =($E6*$J6+$F6*$K6+$H6*$L6+$I6*$M6)*100 -> 75.639572 | O6: =IF($N6>=85,"High",IF($N6>=70,"Medium","Low")) -> Medium | P6: =10+IF($O6="High",5,IF($O6="Medium",0,-3)) -> 10
A7: =Employees!A7 -> E06 | B7: =Employees!B7 -> Hamza Sheikh | C7: =Employees!C7 -> IT | D7: =Employees!D7 -> Office | E7: =IFERROR(SUMIFS(Attendance!$D:$D,Attendance!$A:$A,$A7)/SUMIFS(Attendance!$C:$C,Attendance!$A:$A,$A7),0) -> 0.95486111 | F7: =IFERROR(1-SUMIFS(Attendance!$E:$E,Attendance!$A:$A,$A7)/SUMIFS(Attendance!$D:$D,Attendance!$A:$A,$A7),0) -> 0.98181818 | G7: =SUMIFS(Complaints!$C:$C,Complaints!$A:$A,$A7) -> 0 | H7: =1-MIN($G7/10,1) -> 1 | I7: =IF($D7="Teaching",IFERROR(AVERAGEIFS(Academic_Results!$C:$C,Academic_Results!$A:$A,$A7)/100,0),IFERROR(SUMIFS(Task_Completion!$D:$D,Task_Completion!$A:$A,$A7)/SUMIFS(Task_Completion!$C:$C,Task_Completion!$A:$A,$A7),0)) -> 0.93661972 | J7: =INDEX(Weights!$B:$B,MATCH($D7,Weights!$A:$A,0)) -> 0.25 | K7: =INDEX(Weights!$C:$C,MATCH($D7,Weights!$A:$A,0)) -> 0.2 | L7: =INDEX(Weights!$D:$D,MATCH($D7,Weights!$A:$A,0)) -> 0.2 | M7: =INDEX(Weights!$E:$E,MATCH($D7,Weights!$A:$A,0)) -> 0.35 | N7: =($E7*$J7+$F7*$K7+$H7*$L7+$I7*$M7)*100 -> 96.289582 | O7: =IF($N7>=85,"High",IF($N7>=70,"Medium","Low")) -> High | P7: =10+IF($O7="High",5,IF($O7="Medium",0,-3)) -> 15
A8: =Employees!A8 -> E07 | B8: =Employees!B8 -> Zara Khan | C8: =Employees!C8 -> IT | D8: =Employees!D8 -> Office | E8: =IFERROR(SUMIFS(Attendance!$D:$D,Attendance!$A:$A,$A8)/SUMIFS(Attendance!$C:$C,Attendance!$A:$A,$A8),0) -> 0.92361111 | F8: =IFERROR(1-SUMIFS(Attendance!$E:$E,Attendance!$A:$A,$A8)/SUMIFS(Attendance!$D:$D,Attendance!$A:$A,$A8),0) -> 0.91353383 | G8: =SUMIFS(Complaints!$C:$C,Complaints!$A:$A,$A8) -> 3 | H8: =1-MIN($G8/10,1) -> 0.7 | I8: =IF($D8="Teaching",IFERROR(AVERAGEIFS(Academic_Results!$C:$C,Academic_Results!$A:$A,$A8)/100,0),IFERROR(SUMIFS(Task_Completion!$D:$D,Task_Completion!$A:$A,$A8)/SUMIFS(Task_Completion!$C:$C,Task_Completion!$A:$A,$A8),0)) -> 0.79527559 | J8: =INDEX(Weights!$B:$B,MATCH($D8,Weights!$A:$A,0)) -> 0.25 | K8: =INDEX(Weights!$C:$C,MATCH($D8,Weights!$A:$A,0)) -> 0.2 | L8: =INDEX(Weights!$D:$D,MATCH($D8,Weights!$A:$A,0)) -> 0.2 | M8: =INDEX(Weights!$E:$E,MATCH($D8,Weights!$A:$A,0)) -> 0.35 | N8: =($E8*$J8+$F8*$K8+$H8*$L8+$I8*$M8)*100 -> 83.1956 | O8: =IF($N8>=85,"High",IF($N8>=70,"Medium","Low")) -> Medium | P8: =10+IF($O8="High",5,IF($O8="Medium",0,-3)) -> 10
A9: =Employees!A9 -> E08 | B9: =Employees!B9 -> Ali Raza | C9: =Employees!C9 -> Media | D9: =Employees!D9 -> Office | E9: =IFERROR(SUMIFS(Attendance!$D:$D,Attendance!$A:$A,$A9)/SUMIFS(Attendance!$C:$C,Attendance!$A:$A,$A9),0) -> 0.92708333 | F9: =IFERROR(1-SUMIFS(Attendance!$E:$E,Attendance!$A:$A,$A9)/SUMIFS(Attendance!$D:$D,Attendance!$A:$A,$A9),0) -> 0.93258427 | G9: =SUMIFS(Complaints!$C:$C,Complaints!$A:$A,$A9) -> 3 | H9: =1-MIN($G9/10,1) -> 0.7 | I9: =IF($D9="Teaching",IFERROR(AVERAGEIFS(Academic_Results!$C:$C,Academic_Results!$A:$A,$A9)/100,0),IFERROR(SUMIFS(Task_Completion!$D:$D,Task_Completion!$A:$A,$A9)/SUMIFS(Task_Completion!$C:$C,Task_Completion!$A:$A,$A9),0)) -> 0.81751825 | J9: =INDEX(Weights!$B:$B,MATCH($D9,Weights!$A:$A,0)) -> 0.25 | K9: =INDEX(Weights!$C:$C,MATCH($D9,Weights!$A:$A,0)) -> 0.2 | L9: =INDEX(Weights!$D:$D,MATCH($D9,Weights!$A:$A,0)) -> 0.2 | M9: =INDEX(Weights!$E:$E,MATCH($D9,Weights!$A:$A,0)) -> 0.35 | N9: =($E9*$J9+$F9*$K9+$H9*$L9+$I9*$M9)*100 -> 84.441907 | O9: =IF($N9>=85,"High",IF($N9>=70,"Medium","Low")) -> Medium | P9: =10+IF($O9="High",5,IF($O9="Medium",0,-3)) -> 10
A10: =Employees!A10 -> E09 | B10: =Employees!B10 -> Fatima Noor | C10: =Employees!C10 -> Teaching (Regular) | D10: =Employees!D10 -> Teaching | E10: =IFERROR(SUMIFS(Attendance!$D:$D,Attendance!$A:$A,$A10)/SUMIFS(Attendance!$C:$C,Attendance!$A:$A,$A10),0) -> 0.96180556 | F10: =IFERROR(1-SUMIFS(Attendance!$E:$E,Attendance!$A:$A,$A10)/SUMIFS(Attendance!$D:$D,Attendance!$A:$A,$A10),0) -> 0.98194946 | G10: =SUMIFS(Complaints!$C:$C,Complaints!$A:$A,$A10) -> 3 | H10: =1-MIN($G10/10,1) -> 0.7 | I10: =IF($D10="Teaching",IFERROR(AVERAGEIFS(Academic_Results!$C:$C,Academic_Results!$A:$A,$A10)/100,0),IFERROR(SUMIFS(Task_Completion!$D:$D,Task_Completion!$A:$A,$A10)/SUMIFS(Task_Completion!$C:$C,Task_Completion!$A:$A,$A10),0)) -> 0.876 | J10: =INDEX(Weights!$B:$B,MATCH($D10,Weights!$A:$A,0)) -> 0.2 | K10: =INDEX(Weights!$C:$C,MATCH($D10,Weights!$A:$A,0)) -> 0.15 | L10: =INDEX(Weights!$D:$D,MATCH($D10,Weights!$A:$A,0)) -> 0.15 | M10: =INDEX(Weights!$E:$E,MATCH($D10,Weights!$A:$A,0)) -> 0.5 | N10: =($E10*$J10+$F10*$K10+$H10*$L10+$I10*$M10)*100 -> 88.265353 | O10: =IF($N10>=85,"High",IF($N10>=70,"Medium","Low")) -> High | P10: =10+IF($O10="High",5,IF($O10="Medium",0,-3)) -> 15
A11: =Employees!A11 -> E10 | B11: =Employees!B11 -> Imran Chaudhry | C11: =Employees!C11 -> Teaching (Regular) | D11: =Employees!D11 -> Teaching | E11: =IFERROR(SUMIFS(Attendance!$D:$D,Attendance!$A:$A,$A11)/SUMIFS(Attendance!$C:$C,Attendance!$A:$A,$A11),0) -> 0.92361111 | F11: =IFERROR(1-SUMIFS(Attendance!$E:$E,Attendance!$A:$A,$A11)/SUMIFS(Attendance!$D:$D,Attendance!$A:$A,$A11),0) -> 0.93233083 | G11: =SUMIFS(Complaints!$C:$C,Complaints!$A:$A,$A11) -> 1 | H11: =1-MIN($G11/10,1) -> 0.9 | I11: =IF($D11="Teaching",IFERROR(AVERAGEIFS(Academic_Results!$C:$C,Academic_Results!$A:$A,$A11)/100,0),IFERROR(SUMIFS(Task_Completion!$D:$D,Task_Completion!$A:$A,$A11)/SUMIFS(Task_Completion!$C:$C,Task_Completion!$A:$A,$A11),0)) -> 0.73 | J11: =INDEX(Weights!$B:$B,MATCH($D11,Weights!$A:$A,0)) -> 0.2 | K11: =INDEX(Weights!$C:$C,MATCH($D11,Weights!$A:$A,0)) -> 0.15 | L11: =INDEX(Weights!$D:$D,MATCH($D11,Weights!$A:$A,0)) -> 0.15 | M11: =INDEX(Weights!$E:$E,MATCH($D11,Weights!$A:$A,0)) -> 0.5 | N11: =($E11*$J11+$F11*$K11+$H11*$L11+$I11*$M11)*100 -> 82.457185 | O11: =IF($N11>=85,"High",IF($N11>=70,"Medium","Low")) -> Medium | P11: =10+IF($O11="High",5,IF($O11="Medium",0,-3)) -> 10
A12: =Employees!A12 -> E11 | B12: =Employees!B12 -> Rabia Yousaf | C12: =Employees!C12 -> Teaching (Regular) | D12: =Employees!D12 -> Teaching | E12: =IFERROR(SUMIFS(Attendance!$D:$D,Attendance!$A:$A,$A12)/SUMIFS(Attendance!$C:$C,Attendance!$A:$A,$A12),0) -> 0.89583333 | F12: =IFERROR(1-SUMIFS(Attendance!$E:$E,Attendance!$A:$A,$A12)/SUMIFS(Attendance!$D:$D,Attendance!$A:$A,$A12),0) -> 0.91860465 | G12: =SUMIFS(Complaints!$C:$C,Complaints!$A:$A,$A12) -> 7 | H12: =1-MIN($G12/10,1) -> 0.3 | I12: =IF($D12="Teaching",IFERROR(AVERAGEIFS(Academic_Results!$C:$C,Academic_Results!$A:$A,$A12)/100,0),IFERROR(SUMIFS(Task_Completion!$D:$D,Task_Completion!$A:$A,$A12)/SUMIFS(Task_Completion!$C:$C,Task_Completion!$A:$A,$A12),0)) -> 0.608 | J12: =INDEX(Weights!$B:$B,MATCH($D12,Weights!$A:$A,0)) -> 0.2 | K12: =INDEX(Weights!$C:$C,MATCH($D12,Weights!$A:$A,0)) -> 0.15 | L12: =INDEX(Weights!$D:$D,MATCH($D12,Weights!$A:$A,0)) -> 0.15 | M12: =INDEX(Weights!$E:$E,MATCH($D12,Weights!$A:$A,0)) -> 0.5 | N12: =($E12*$J12+$F12*$K12+$H12*$L12+$I12*$M12)*100 -> 66.595736 | O12: =IF($N12>=85,"High",IF($N12>=70,"Medium","Low")) -> Low | P12: =10+IF($O12="High",5,IF($O12="Medium",0,-3)) -> 7
A13: =Employees!A13 -> E12 | B13: =Employees!B13 -> Owais Malik | C13: =Employees!C13 -> Teaching (Regular) | D13: =Employees!D13 -> Teaching | E13: =IFERROR(SUMIFS(Attendance!$D:$D,Attendance!$A:$A,$A13)/SUMIFS(Attendance!$C:$C,Attendance!$A:$A,$A13),0) -> 0.93055556 | F13: =IFERROR(1-SUMIFS(Attendance!$E:$E,Attendance!$A:$A,$A13)/SUMIFS(Attendance!$D:$D,Attendance!$A:$A,$A13),0) -> 0.94776119 | G13: =SUMIFS(Complaints!$C:$C,Complaints!$A:$A,$A13) -> 8 | H13: =1-MIN($G13/10,1) -> 0.2 | I13: =IF($D13="Teaching",IFERROR(AVERAGEIFS(Academic_Results!$C:$C,Academic_Results!$A:$A,$A13)/100,0),IFERROR(SUMIFS(Task_Completion!$D:$D,Task_Completion!$A:$A,$A13)/SUMIFS(Task_Completion!$C:$C,Task_Completion!$A:$A,$A13),0)) -> 0.8015 | J13: =INDEX(Weights!$B:$B,MATCH($D13,Weights!$A:$A,0)) -> 0.2 | K13: =INDEX(Weights!$C:$C,MATCH($D13,Weights!$A:$A,0)) -> 0.15 | L13: =INDEX(Weights!$D:$D,MATCH($D13,Weights!$A:$A,0)) -> 0.15 | M13: =INDEX(Weights!$E:$E,MATCH($D13,Weights!$A:$A,0)) -> 0.5 | N13: =($E13*$J13+$F13*$K13+$H13*$L13+$I13*$M13)*100 -> 75.902529 | O13: =IF($N13>=85,"High",IF($N13>=70,"Medium","Low")) -> Medium | P13: =10+IF($O13="High",5,IF($O13="Medium",0,-3)) -> 10
... A23: =Employees!A23 -> E22 | B23: =Employees!B23 -> Ghulam Fareed | C23: =Employees!C23 -> Maintenance | D23: =Employees!D23 -> Support | E23: =IFERROR(SUMIFS(Attendance!$D:$D,Attendance!$A:$A,$A23)/SUMIFS(Attendance!$C:$C,Attendance!$A:$A,$A23),0) -> 0.96527778 | F23: =IFERROR(1-SUMIFS(Attendance!$E:$E,Attendance!$A:$A,$A23)/SUMIFS(Attendance!$D:$D,Attendance!$A:$A,$A23),0) -> 0.98561151 | G23: =SUMIFS(Complaints!$C:$C,Complaints!$A:$A,$A23) -> 3 | H23: =1-MIN($G23/10,1) -> 0.7 | I23: =IF($D23="Teaching",IFERROR(AVERAGEIFS(Academic_Results!$C:$C,Academic_Results!$A:$A,$A23)/100,0),IFERROR(SUMIFS(Task_Completion!$D:$D,Task_Completion!$A:$A,$A23)/SUMIFS(Task_Completion!$C:$C,Task_Completion!$A:$A,$A23),0)) -> 0.9375 | J23: =INDEX(Weights!$B:$B,MATCH($D23,Weights!$A:$A,0)) -> 0.3 | K23: =INDEX(Weights!$C:$C,MATCH($D23,Weights!$A:$A,0)) -> 0.25 | L23: =INDEX(Weights!$D:$D,MATCH($D23,Weights!$A:$A,0)) -> 0.25 | M23: =INDEX(Weights!$E:$E,MATCH($D23,Weights!$A:$A,0)) -> 0.2 | N23: =($E23*$J23+$F23*$K23+$H23*$L23+$I23*$M23)*100 -> 89.848621 | O23: =IF($N23>=85,"High",IF($N23>=70,"Medium","Low")) -> High | P23: =10+IF($O23="High",5,IF($O23="Medium",0,-3)) -> 15
A25: Suggested Increment % is a starting formula (base 10% +/- performance tier). HR reviews and finalizes actual increments.
